region,year,real_gdp,employment,average_hours_worked,total_hours,population,output_per_employed_person,output_per_hour_worked,per_capita_income
Africa,1950,14776.333333333334,2363.6060606060605,NA,NA,6281.575757575758,9155,NA,2910.181818181818
Africa,1951,15580.121212121212,2405.151515151515,NA,NA,6415.545454545455,9497.272727272728,NA,3006.757575757576
Africa,1952,16251.424242424242,2448.3030303030305,NA,NA,6555.515151515152,9757,NA,3066.5151515151515
Africa,1953,16816.272727272728,2495.5454545454545,NA,NA,6699.121212121212,9925,NA,3108.242424242424
Africa,1954,17582.575757575756,2542.2727272727275,NA,NA,6849.393939393939,10129.060606060606,NA,3154.242424242424
Africa,1955,18313.454545454544,2589.848484848485,NA,NA,7008.818181818182,10655.39393939394,NA,3290.5454545454545
Africa,1956,19197.060606060608,2638.2727272727275,NA,NA,7173.30303030303,11337.09090909091,NA,3456.878787878788
Africa,1957,20061.727272727272,2688.848484848485,NA,NA,7342.575757575758,11611.878787878788,NA,3522
Africa,1958,20603.878787878788,2741.121212121212,NA,NA,7517.757575757576,11939.030303030304,NA,3590.090909090909
Africa,1959,21869.545454545456,2793.060606060606,NA,NA,7699.030303030303,12518.424242424242,NA,3717.6363636363635
Africa,1960,23036.545454545456,2850.3939393939395,NA,NA,7887.515151515152,13540.060606060606,NA,3965.4545454545455
Africa,1961,23397.030303030304,2871.090909090909,NA,NA,8074.212121212121,14037.333333333334,NA,4084.3030303030305
Africa,1962,24486.666666666668,2947.121212121212,NA,NA,8264.939393939394,15077.060606060606,NA,4364.939393939394
Africa,1963,26859.878787878788,3025.4545454545455,NA,NA,8476.636363636364,17066.757575757576,NA,4846.939393939394
Africa,1964,29278.333333333332,3089.181818181818,NA,NA,8694.242424242424,19671.939393939392,NA,5498.212121212121
Africa,1965,31441.939393939392,3163.787878787879,NA,NA,8919.727272727272,21954.727272727272,NA,6045.939393939394
Africa,1966,32767.696969696968,3205.7272727272725,NA,NA,9153.212121212122,23536.272727272728,NA,6414.636363636364
Africa,1967,33864.51515151515,3234.969696969697,NA,NA,9396.757575757576,24635.21212121212,NA,6655.454545454545
Africa,1968,37063.121212121216,3313.212121212121,NA,NA,9646.848484848484,28648.575757575756,NA,7599.333333333333
Africa,1969,40513.393939393936,3403.5454545454545,NA,NA,9903.545454545454,30528.363636363636,NA,8031.787878787879
Africa,1970,43813.57575757576,3500.787878787879,NA,NA,10150.666666666666,31319.757575757576,NA,8221.545454545454
Africa,1971,44870.63636363636,3577.969696969697,NA,NA,10419.424242424242,29839.909090909092,NA,7901.212121212121
Africa,1972,45512.57575757576,3644.242424242424,NA,NA,10696.545454545454,28055.60606060606,NA,7442.515151515152
Africa,1973,47074.63636363636,3749.4242424242425,NA,NA,10984.969696969696,27737.242424242424,NA,7365.060606060606
Africa,1974,48386.454545454544,3837.242424242424,NA,NA,11277.666666666666,26607.969696969696,NA,7103.606060606061
Africa,1975,49161.121212121216,3953.121212121212,NA,NA,11571.454545454546,26728.121212121212,NA,7042.757575757576
Africa,1976,53395.69696969697,4081.3636363636365,NA,NA,11888.787878787878,30577.484848484848,NA,7972.151515151515
Africa,1977,55624.606060606064,4174.545454545455,NA,NA,12223.121212121212,30321.333333333332,NA,7831.242424242424
Africa,1978,57154.333333333336,4278.939393939394,NA,NA,12562.424242424242,29090.909090909092,NA,7570.818181818182
Africa,1979,60640.93939393939,4371,NA,NA,12907.212121212122,30398.696969696968,NA,7884.272727272727
Africa,1980,62889.969696969696,4570.090909090909,NA,NA,13264.90909090909,29936.242424242424,NA,7806.060606060606
Africa,1981,61845.63636363636,4645.060606060606,NA,NA,13674.575757575758,26907.909090909092,NA,7038.818181818182
Africa,1982,63085.393939393936,4794.151515151515,NA,NA,14098.363636363636,26016.151515151516,NA,6811.30303030303
Africa,1983,63556.666666666664,4885.333333333333,NA,NA,14532.212121212122,25440.60606060606,NA,6626.969696969697
Africa,1984,64707.93939393939,4965.363636363636,NA,NA,14949.242424242424,24419.636363636364,NA,6341.121212121212
Africa,1985,65958.48484848485,5088.969696969697,NA,NA,15365.181818181818,23442.303030303032,NA,6101.969696969697
Africa,1986,66714.48484848485,5230.818181818182,NA,NA,15792.515151515152,22370.303030303032,NA,5855.393939393939
Africa,1987,67615.57575757576,5361.545454545455,NA,NA,16224.030303030304,21522.121212121212,NA,5656.060606060606
Africa,1988,69778.24242424243,5546.363636363636,NA,NA,16666.242424242424,21393.18181818182,NA,5668.30303030303
Africa,1989,71839.60606060606,5708.151515151515,NA,NA,17124.242424242424,21424.454545454544,NA,5684.636363636364
Africa,1990,73006.87878787878,5856.121212121212,NA,NA,17601.878787878788,21055.81818181818,NA,5602.909090909091
Africa,1991,74509.84848484848,6043.939393939394,NA,NA,18111.78787878788,21872.969696969696,NA,5812.212121212121
Africa,1992,74560.09090909091,6187.151515151515,NA,NA,18602.484848484848,21187.545454545456,NA,5675.454545454545
Africa,1993,75217.87878787878,6307.272727272727,NA,NA,19091.696969696968,20621.060606060608,NA,5548.909090909091
Africa,1994,76953.60606060606,6472.939393939394,NA,NA,19534.545454545456,20430.333333333332,NA,5541.818181818182
Africa,1995,78472.06060606061,6659.515151515152,NA,NA,20010.39393939394,19587.757575757576,NA,5427.363636363636
Africa,1996,82556.42424242424,6826.393939393939,NA,NA,20505.151515151516,19944.636363636364,NA,5582.242424242424
Africa,1997,85364.42424242424,6996.969696969697,NA,NA,21002.78787878788,20098.757575757576,NA,5651.121212121212
Africa,1998,88486.90909090909,7152.151515151515,NA,NA,21505.242424242424,20102.030303030304,NA,5702.090909090909
Africa,1999,91201.15151515152,7332.484848484848,NA,NA,22032.696969696968,19800.21212121212,NA,5660.515151515152
Africa,2000,94641,7512.636363636364,NA,NA,22570.333333333332,19898.636363636364,NA,5711.818181818182
Africa,2001,98133.66666666667,7661.424242424242,2376,29453,23122.090909090908,19838.696969696968,17,5707.636363636364
Africa,2002,102597.63636363637,7878.909090909091,2383,30989,23700.484848484848,19807.121212121212,16,5733.848484848485
Africa,2003,107952.69696969698,8062.272727272727,2319,29503,24299.484848484848,20634.969696969696,18,5935.606060606061
Africa,2004,114031,8343.333333333334,2342,30121,24912.727272727272,20807.757575757576,18,6075.30303030303
Africa,2005,121190.60606060606,8633.939393939394,2007.2424242424242,17022.575757575756,25539.727272727272,21460.454545454544,9.878787878787879,6314.181818181818
Africa,2006,128599.48484848485,8923.545454545454,2006.5454545454545,17587.666666666668,26188.78787878788,21806.575757575756,10.030303030303031,6514.424242424242
Africa,2007,136798.33333333334,9205.727272727272,2005.878787878788,18178.030303030304,26864.909090909092,22530.39393939394,10.484848484848484,6752.151515151515
Africa,2008,141952.9090909091,9517.121212121212,2004.939393939394,18820.18181818182,27561.272727272728,21561.030303030304,9.93939393939394,6574.454545454545
Africa,2009,146293.21212121213,9749.333333333334,2002.6060606060605,19314.303030303032,28282.39393939394,21119.575757575756,9.727272727272727,6473.181818181818
Africa,2010,155051.0303030303,9993.060606060606,1999.2424242424242,19815.39393939394,29018.39393939394,21687.78787878788,10.151515151515152,6668.757575757576
Africa,2011,154876.18181818182,10245.242424242424,1997.5757575757575,20259.272727272728,29762.151515151516,18923,8.909090909090908,6001.969696969697
Africa,2012,163159.63636363635,10521.636363636364,1992.8484848484848,20815.909090909092,30531.727272727272,20727.78787878788,9.787878787878787,6674.636363636364
Africa,2013,167665.45454545456,10862.424242424242,1995.4545454545455,21574,31334.090909090908,19693.969696969696,9.424242424242424,6443.666666666667
Africa,2014,173689.87878787878,11141.818181818182,2010.060606060606,22168,32164.727272727272,19082.78787878788,9,6256.727272727273
Africa,2015,179496.84848484848,11440.60606060606,2003.1515151515152,22661.757575757576,33014.545454545456,19070.333333333332,9.121212121212121,6257.848484848485
Africa,2016,183074.36363636365,11757.363636363636,2007.6969696969697,23271.030303030304,33877.42424242424,19055.121212121212,9,6239.212121212121
Africa,2017,189819.75757575757,12141.848484848484,2005.3939393939395,24034.666666666668,34762,19517.848484848484,9.333333333333334,6403.606060606061
Africa,2018,196360.87878787878,12445.363636363636,2002.878787878788,24665.969696969696,35651.545454545456,19772,9.424242424242424,6505.30303030303
Africa,2019,202897.63636363635,12819.878787878788,2005.3636363636363,25398.636363636364,36544.51515151515,19880.242424242424,9.424242424242424,6582.212121212121
Africa,2020,197041.9696969697,12703.515151515152,1923.2727272727273,24055.636363636364,37452.878787878784,18358.515151515152,9.181818181818182,5894.606060606061
Africa,2021,205570.84848484848,13072.757575757576,2001.878787878788,25835.030303030304,38373.69696969697,18898.272727272728,8.969696969696969,6096.484848484848
Asia,1950,81455.94117647059,41845.055555555555,2440.2,21034.6,102215.11111111111,5318.35294117647,3.8,1938.7058823529412
Asia,1951,89530.76470588235,42942.444444444445,2437.4,21371.6,104117.5,5383.117647058823,3.8,1952.764705882353
Asia,1952,98652.38888888889,44088.77777777778,2435.2,21695.6,106177.38888888889,5324.666666666667,4,1927.2222222222222
Asia,1953,107641.33333333333,45139,2432.8,22010.6,108366.16666666667,5570.555555555556,4,2005.111111111111
Asia,1954,109088.88888888889,46184.333333333336,2440.4,22594.8,110734.61111111111,5726.388888888889,4.4,2048.9444444444443
Asia,1955,116065.38888888889,47172.444444444445,2447,23508.2,113059.16666666667,5903.777777777777,4.4,2106.1666666666665
Asia,1956,123961.27777777778,48333.444444444445,2459,24482.8,115390.33333333333,6040.222222222223,4.4,2150.8888888888887
Asia,1957,129228.11111111111,49667.833333333336,2465.2,25365,118079.72222222222,6176.166666666667,4.6,2190.5555555555557
Asia,1958,135672.77777777778,52344.055555555555,2472.4,25854.8,120839.77777777778,6236,4.8,2210.8333333333335
Asia,1959,141205.88888888888,54208.72222222222,2479,26445.4,123237.38888888889,6394.611111111111,5,2262.3888888888887
Asia,1960,146645.66666666666,53665.88888888889,2484.8,27282.8,124340.44444444444,6693.222222222223,5.2,2356.6666666666665
Asia,1961,143329.38888888888,52950,2487.4,27893.2,124711.38888888889,6876.166666666667,5.4,2438.6111111111113
Asia,1962,150477.61111111112,52514.77777777778,2485,28234.2,126464.77777777778,7203.277777777777,5.6,2568.3888888888887
Asia,1963,162387.94444444444,52708,2486.8,28649.8,129485.11111111111,7587.055555555556,6.4,2713.8888888888887
Asia,1964,179030.27777777778,53351.61111111111,2464.6,28987.6,132444.55555555556,7834.722222222223,6.6,2820.4444444444443
Asia,1965,190542.05555555556,54068.833333333336,2479.2,29612.4,135543.44444444444,8245.111111111111,7.2,2961.8888888888887
Asia,1966,201506.33333333334,55348,2471.8,30310.6,138977.55555555556,8509.555555555555,7.6,3077.1111111111113
Asia,1967,210622.38888888888,57179.61111111111,2476.2,31244.2,142360.22222222222,8779.888888888889,8,3199.0555555555557
Asia,1968,222446,58984.944444444445,2482.2,32132.6,145909.55555555556,9305.666666666666,8.4,3400.9444444444443
Asia,1969,245759.83333333334,60937.38888888889,2487.4,32519.4,149579.11111111112,10058.222222222223,9.2,3678.777777777778
Asia,1970,271201.94444444444,63020,2294.529411764706,136584.0588235294,153422.77777777778,10728.722222222223,4.823529411764706,3938.5
Asia,1971,286571.22222222225,65346.27777777778,2289.8823529411766,141439.41176470587,157385.94444444444,11114.777777777777,5.176470588235294,4134.777777777777
Asia,1972,300068.27777777775,67097.5,2282.529411764706,145100.11764705883,161158.38888888888,11668.333333333334,5.411764705882353,4402.888888888889
Asia,1973,323562.94444444444,68835.38888888889,2285.294117647059,148890.41176470587,164840.22222222222,12380.111111111111,5.764705882352941,4765.833333333333
Asia,1974,328590.3333333333,70846.61111111111,2280.6470588235293,152998.5294117647,168378.55555555556,12465.166666666666,5.764705882352941,4810.888888888889
Asia,1975,344052.3333333333,72871.33333333333,2272.529411764706,157124,171654.88888888888,12574.277777777777,5.882352941176471,4863.777777777777
Asia,1976,355055.6111111111,74889.27777777778,2269.4117647058824,161341.9411764706,174686.33333333334,13285.166666666666,6,5191.611111111111
Asia,1977,376044.8333333333,76712.55555555556,2268.3529411764707,165300,177650.44444444444,13822.555555555555,6.470588235294118,5480.111111111111
Asia,1978,404245.3888888889,78917.77777777778,2274.294117647059,170393.4705882353,180614.22222222222,14261.611111111111,6.764705882352941,5792.888888888889
Asia,1979,426126.27777777775,81007.88888888889,2278.1176470588234,174972.82352941178,183743.11111111112,14908.722222222223,6.9411764705882355,6121.777777777777
Asia,1980,445039.1666666667,83683.44444444444,2281.1176470588234,180898.64705882352,186807.44444444444,15302.611111111111,7.117647058823529,6396
Asia,1981,466178.3888888889,86564.83333333333,2274.6470588235293,186837.9411764706,189804.5,15716.5,7.352941176470588,6683.388888888889
Asia,1982,489700.72222222225,89946.11111111111,2252.235294117647,193632.4705882353,192252.5,15951.333333333334,7.529411764705882,6842.5
Asia,1983,518673.3333333333,92510.44444444444,2273.1176470588234,199622.11764705883,196469.11111111112,16627.222222222223,7.764705882352941,7162.944444444444
Asia,1984,556608.5,94606.88888888889,2274,204246.64705882352,199667.22222222222,17479.833333333332,8.117647058823529,7565.277777777777
Asia,1985,589822.1111111111,96653.94444444444,2257.294117647059,208316.88235294117,202951.16666666666,17860.722222222223,8.294117647058824,7658.666666666667
Asia,1986,623117.1111111111,98826.38888888889,2253.4117647058824,212484.41176470587,206411.27777777778,18645.055555555555,8.647058823529411,7997.944444444444
Asia,1987,667313.5555555555,100797.33333333333,2248.176470588235,216725.64705882352,210107.77777777778,19685.38888888889,9,8596.055555555555
Asia,1988,715279.8333333334,103388.27777777778,2248.4117647058824,222361.41176470587,213848.55555555556,20659.277777777777,9.470588235294118,9144.555555555555
Asia,1989,748686.9444444445,106509.27777777778,2243.294117647059,229035,217541.88888888888,21481.944444444445,10.058823529411764,9579.277777777777
Asia,1990,782462.2222222222,109553.88888888889,2235.529411764706,235594.41176470587,221171,22339,10.411764705882353,10044.611111111111
Asia,1991,823845.8888888889,111766.33333333333,2243.823529411765,240562.11764705883,224522.11111111112,23353.88888888889,10.823529411764707,10536
Asia,1992,871296.6111111111,113588.66666666667,2234.1176470588234,244306.82352941178,227727,24173.222222222223,11.352941176470589,10954.833333333334
Asia,1993,926213.7777777778,115204.27777777778,2231.1111111111113,234530.16666666666,230869.55555555556,25261.555555555555,11.166666666666666,11500.611111111111
Asia,1994,988231.3888888889,116668.22222222222,2229.1666666666665,238267.5,234041.66666666666,26449.944444444445,11.61111111111111,12105.666666666666
Asia,1995,1059354.388888889,117770.05555555556,2232.222222222222,241599.16666666666,237196.94444444444,27491.777777777777,12.166666666666666,12613
Asia,1996,1129286.888888889,119538.72222222222,2230.5,246287.16666666666,240272,28206.555555555555,12.444444444444445,13099.277777777777
Asia,1997,1183946.9444444445,121218.66666666667,2220.0555555555557,251080.16666666666,243184.38888888888,28922.5,12.88888888888889,13577.111111111111
Asia,1998,1190633.3333333333,122629.77777777778,2225.5,256038.44444444444,245989.77777777778,28120.055555555555,12.61111111111111,13029.5
Asia,1999,1245118.5,124197.16666666667,2233.4444444444443,261020.66666666666,248683.61111111112,29307.222222222223,13,13510.5
Asia,2000,1321265.388888889,125698.16666666667,2249.222222222222,265300.8888888889,251336.61111111112,30643.055555555555,13.5,14284.111111111111
Asia,2001,1380115.0555555555,127550.16666666667,2227.9444444444443,269799.6111111111,253944,30488.5,13.61111111111111,14237.722222222223
Asia,2002,1462231.7777777778,129247.77777777778,2217.8888888888887,274341.27777777775,256464.05555555556,31556.944444444445,14.166666666666666,14688.722222222223
Asia,2003,1553372.111111111,130771.38888888889,2217.3333333333335,279467.44444444444,258915.77777777778,32762.38888888889,14.777777777777779,15289.277777777777
Asia,2004,1668484.9444444445,132475.88888888888,2226.722222222222,285763.27777777775,261398.55555555556,34440.72222222222,15.5,16224.444444444445
Asia,2005,1795716.888888889,133461.22222222222,2225.9444444444443,289660.55555555556,263848.44444444444,35766.72222222222,16,16998.333333333332
Asia,2006,1945262.0555555555,134466.77777777778,2219.4444444444443,291132.5,266343.5,36987.5,16.72222222222222,17859.222222222223
Asia,2007,2116600.611111111,135474.16666666666,2216.3333333333335,290993.6111111111,268838.27777777775,38264.166666666664,17.27777777777778,18751.61111111111
Asia,2008,2229930.1666666665,136481.38888888888,2203.4444444444443,291355.05555555556,271296.94444444444,38097.333333333336,17.555555555555557,18865.88888888889
Asia,2009,2337876.888888889,137370.22222222222,2198.5555555555557,294034.1666666667,273703.05555555556,37751.166666666664,17.61111111111111,18579.5
Asia,2010,2552008.222222222,138468.44444444444,2205.3333333333335,299242.05555555556,276092.5,40141.61111111111,18.5,20033.555555555555
Asia,2011,2717201.611111111,139564.16666666666,2202.1666666666665,301822.6111111111,278448.77777777775,41111.72222222222,19,20748.666666666668
Asia,2012,2853673.5555555555,140540.11111111112,2195.8888888888887,304059.6666666667,280773.1111111111,41913.555555555555,19.333333333333332,21292.38888888889
Asia,2013,3030192.277777778,141631.66666666666,2172.722222222222,305223.05555555556,283080.44444444444,42715.27777777778,20.055555555555557,21962.166666666668
Asia,2014,3209387.722222222,142108.33333333334,2168.777777777778,305915.72222222225,285375.3333333333,43802.444444444445,20.444444444444443,22630.333333333332
Asia,2015,3372225.5555555555,142512.55555555556,2165.6111111111113,306161.77777777775,287650.1111111111,44799.11111111111,20.944444444444443,23190.833333333332
Asia,2016,3550665.0555555555,143282.33333333334,2159.8888888888887,307275.77777777775,289885.55555555556,45925.38888888889,21.77777777777778,23791.222222222223
Asia,2017,3722485.111111111,144007.44444444444,2147.1666666666665,308589,292068.1111111111,47454.27777777778,22.5,24663.222222222223
Asia,2018,3879801.5,144655,2146.777777777778,310701.22222222225,294209.77777777775,48648.166666666664,23.166666666666668,25373.61111111111
Asia,2019,4046491.3333333335,145355.05555555556,2138.777777777778,310935.27777777775,296272.94444444444,49285.61111111111,23.5,25748.666666666668
Asia,2020,4020194.277777778,142634.77777777778,2040,293305.72222222225,298247.22222222225,48749.77777777778,24.333333333333332,24828.61111111111
Asia,2021,4282927.277777778,144614,2128.5555555555557,308755.77777777775,300142.77777777775,50611.72222222222,24.38888888888889,26010.11111111111
Central and Eastern Europe and Central Asia,1950,163519.14285714287,4766.464285714285,NA,NA,10235.142857142857,10382.57142857143,NA,5120.571428571428
Central and Eastern Europe and Central Asia,1951,169132.42857142858,4840.071428571428,NA,NA,10403.25,11012,NA,5462.571428571428
Central and Eastern Europe and Central Asia,1952,179063.42857142858,4913.964285714285,NA,NA,10575.714285714286,11324.857142857143,NA,5609
Central and Eastern Europe and Central Asia,1953,188558.2857142857,4988.678571428572,NA,NA,10752.214285714286,11853.42857142857,NA,5862.857142857143
Central and Eastern Europe and Central Asia,1954,196453.57142857142,5068.678571428572,NA,NA,10933.642857142857,12083.57142857143,NA,5956.428571428572
Central and Eastern Europe and Central Asia,1955,212074.42857142858,5151.928571428572,NA,NA,11129.107142857143,12825.57142857143,NA,6302
Central and Eastern Europe and Central Asia,1956,226687.42857142858,5215.821428571428,NA,NA,11324.535714285714,13115,NA,6373.142857142857
Central and Eastern Europe and Central Asia,1957,234946.7142857143,5297.428571428572,NA,NA,11515.357142857143,13789.42857142857,NA,6689
Central and Eastern Europe and Central Asia,1958,250696.2857142857,5375.357142857143,NA,NA,11712.392857142857,14504,NA,7009
Central and Eastern Europe and Central Asia,1959,252733.14285714287,5458.285714285715,NA,NA,11913.285714285714,14824.57142857143,NA,7166.428571428572
Central and Eastern Europe and Central Asia,1960,272486.28571428574,5546.928571428572,NA,NA,12118.035714285714,15594.285714285714,NA,7526.857142857143
Central and Eastern Europe and Central Asia,1961,290657.71428571426,5640,NA,NA,12320.5,16357.285714285714,NA,7872.428571428572
Central and Eastern Europe and Central Asia,1962,307549,5726.607142857143,NA,NA,12507.25,16961,NA,8157.428571428572
Central and Eastern Europe and Central Asia,1963,322837,5815.214285714285,NA,NA,12683.82142857143,17727.285714285714,NA,8540.285714285714
Central and Eastern Europe and Central Asia,1964,342427.71428571426,5895.5,NA,NA,12850.357142857143,18552,NA,8960.857142857143
Central and Eastern Europe and Central Asia,1965,359842.5714285714,5976.892857142857,NA,NA,13004.785714285714,19150.428571428572,NA,9276.42857142857
Central and Eastern Europe and Central Asia,1966,387307.85714285716,6057.392857142857,NA,NA,13151.82142857143,20399.571428571428,NA,9919.857142857143
Central and Eastern Europe and Central Asia,1967,409275.28571428574,6139.892857142857,NA,NA,13293.392857142857,21174.714285714286,NA,10350
Central and Eastern Europe and Central Asia,1968,431780,6211.607142857143,NA,NA,13441.17857142857,21865.85714285714,NA,10633.285714285714
Central and Eastern Europe and Central Asia,1969,443331.5714285714,6280.178571428572,NA,NA,13578.82142857143,22386.85714285714,NA,10874
Central and Eastern Europe and Central Asia,1970,175053.64285714287,6355.892857142857,2086,24218,13715.214285714286,23330.535714285714,11,10400.607142857143
Central and Eastern Europe and Central Asia,1971,183070.89285714287,6447.607142857143,2077,24525,13859.714285714286,23941.678571428572,12,10757.07142857143
Central and Eastern Europe and Central Asia,1972,187550.35714285713,6549.178571428572,2069,25104,14009.107142857143,23790.571428571428,12,10777.857142857143
Central and Eastern Europe and Central Asia,1973,200922.39285714287,6644.75,2060,25463,14158.75,24887.785714285714,12,11341.035714285714
Central and Eastern Europe and Central Asia,1974,209175.85714285713,6743.678571428572,2044,25910,14314,25715.535714285714,13,11784.714285714286
Central and Eastern Europe and Central Asia,1975,213907.0357142857,6831.107142857143,2028,26022,14471.035714285714,25212.14285714286,14,11626.17857142857
Central and Eastern Europe and Central Asia,1976,222905.82142857142,6912.285714285715,2012,26176,14623.607142857143,26002.678571428572,16,12033.714285714286
Central and Eastern Europe and Central Asia,1977,229318.25,7007.607142857143,1996,26788,14773.92857142857,26499.89285714286,16,12321.82142857143
Central and Eastern Europe and Central Asia,1978,235454.4642857143,7107.714285714285,1980,26925,14918.214285714286,27008.714285714286,16,12631.82142857143
Central and Eastern Europe and Central Asia,1979,236183.32142857142,7195.357142857143,1964,27095,15059.642857142857,26904.321428571428,16,12648.17857142857
Central and Eastern Europe and Central Asia,1980,237730.89285714287,7280.392857142857,2044,19435.5,15194.392857142857,26457.25,17,12490.75
Central and Eastern Europe and Central Asia,1981,239171.60714285713,7335.285714285715,2040,19468.5,15339.964285714286,26258.85714285714,17,12469.642857142857
Central and Eastern Europe and Central Asia,1982,243646.4642857143,7383.214285714285,1991,19288,15488.964285714286,26745.964285714286,18.5,12736.214285714286
Central and Eastern Europe and Central Asia,1983,249593.10714285713,7427,1977.5,19287,15636.57142857143,26993.5,19,12887.75
Central and Eastern Europe and Central Asia,1984,254562.89285714287,7514.464285714285,1910.5,18823,15791.214285714286,27414.428571428572,20,13157.035714285714
Central and Eastern Europe and Central Asia,1985,257027.42857142858,7542.892857142857,1911,19168.5,15942.5,27107.89285714286,20,13054.17857142857
Central and Eastern Europe and Central Asia,1986,266634,7598.892857142857,1899,19291.5,16091.17857142857,28096.071428571428,21,13598.785714285714
Central and Eastern Europe and Central Asia,1987,270191.35714285716,7655.5,1901,19386.5,16235.17857142857,28019.60714285714,22,13688.142857142857
Central and Eastern Europe and Central Asia,1988,274765.9285714286,7688.571428571428,1894.5,19487,16365.392857142857,28402.75,22.5,13825.17857142857
Central and Eastern Europe and Central Asia,1989,276766.21428571426,7762.285714285715,1897.5,20002.5,16467.571428571428,28441.714285714286,22,13852.607142857143
Central and Eastern Europe and Central Asia,1990,269204.35714285716,7715.071428571428,1861,14869.333333333334,16589.285714285714,27663.285714285714,21,13166.42857142857
Central and Eastern Europe and Central Asia,1991,250949.92857142858,7508.964285714285,1852,14949.666666666666,16681.285714285714,25984.071428571428,19.666666666666668,11783.785714285714
Central and Eastern Europe and Central Asia,1992,225642.85714285713,7242.428571428572,1915.25,48809,16737.214285714286,24646.535714285714,20,10273.535714285714
Central and Eastern Europe and Central Asia,1993,213110.35714285713,6987.571428571428,1931.5,37896.333333333336,16761.39285714286,24969.964285714286,20.833333333333332,9675.464285714286
Central and Eastern Europe and Central Asia,1994,195066.67857142858,6821.392857142857,1938.6666666666667,36499.333333333336,16782.85714285714,24868.5,20.666666666666668,9393.214285714286
Central and Eastern Europe and Central Asia,1995,194287.2142857143,6825.892857142857,1891.923076923077,19691.384615384617,16803.39285714286,25557.178571428572,19.923076923076923,9643
Central and Eastern Europe and Central Asia,1996,194967.89285714287,6811.535714285715,1890.6923076923076,19654.76923076923,16822.071428571428,25572.89285714286,20.384615384615383,9963.964285714286
Central and Eastern Europe and Central Asia,1997,199993.57142857142,6726.178571428572,1895.7692307692307,19522,16838.464285714286,26205.75,21.153846153846153,10346.07142857143
Central and Eastern Europe and Central Asia,1998,199120.0357142857,6639.714285714285,1896.3076923076924,19246.384615384617,16854.964285714286,27174.14285714286,21.692307692307693,10664.42857142857
Central and Eastern Europe and Central Asia,1999,203900.67857142858,6657.714285714285,1902.5384615384614,20075,16867.928571428572,27920.928571428572,21.923076923076923,10848.32142857143
Central and Eastern Europe and Central Asia,2000,218214.0357142857,6711.678571428572,1907.3846153846155,20354.846153846152,16870,29488.321428571428,23.307692307692307,11432.785714285714
Central and Eastern Europe and Central Asia,2001,225040.0357142857,6717.428571428572,1897.076923076923,20243.923076923078,16866.785714285714,30658.678571428572,24.307692307692307,11946
Central and Eastern Europe and Central Asia,2002,236230.07142857142,6723.428571428572,1888.3846153846155,20283,16868.25,32345.428571428572,25.53846153846154,12595.142857142857
Central and Eastern Europe and Central Asia,2003,250958.57142857142,6729.571428571428,1877.923076923077,20232.46153846154,16868.85714285714,34088.92857142857,26.846153846153847,13366.75
Central and Eastern Europe and Central Asia,2004,270363.89285714284,6799.964285714285,1891.4615384615386,20449.69230769231,16876.5,36466,28.23076923076923,14302.892857142857
Central and Eastern Europe and Central Asia,2005,287865.85714285716,6898.142857142857,1977.857142857143,14050.25,16889.10714285714,38593.03571428572,19.821428571428573,15303.17857142857
Central and Eastern Europe and Central Asia,2006,310123.89285714284,6999.464285714285,1974.142857142857,14213.67857142857,16906.928571428572,40898.5,21.178571428571427,16522.285714285714
Central and Eastern Europe and Central Asia,2007,333410.25,7141.321428571428,1972.5714285714287,14429.714285714286,16928.714285714286,43107.71428571428,22.357142857142858,17810
Central and Eastern Europe and Central Asia,2008,347473.78571428574,7229.535714285715,1980.5,14626.607142857143,16961.035714285714,43918.67857142857,22.678571428571427,18462.25
Central and Eastern Europe and Central Asia,2009,328303.35714285716,7121.535714285715,1948.392857142857,14309.785714285714,17023.464285714286,42707.25,22.464285714285715,17408.714285714286
Central and Eastern Europe and Central Asia,2010,342616.5714285714,7158.892857142857,1951.142857142857,14421.17857142857,17078.25,44650.57142857143,23.428571428571427,17891.285714285714
Central and Eastern Europe and Central Asia,2011,360678.71428571426,7251.714285714285,1941.5714285714287,14545.25,17124.60714285714,46254.21428571428,24.25,18660
Central and Eastern Europe and Central Asia,2012,371494.1785714286,7326.714285714285,1945.6785714285713,14656.964285714286,17181.821428571428,46803.53571428572,24.571428571428573,18988.85714285714
Central and Eastern Europe and Central Asia,2013,383164.25,7363.821428571428,1943.3214285714287,14695.92857142857,17241.714285714286,47831.21428571428,25.142857142857142,19468.64285714286
Central and Eastern Europe and Central Asia,2014,391137.10714285716,7389.392857142857,1933.1785714285713,14718.035714285714,17374.035714285714,48414.607142857145,25.571428571428573,19968.85714285714
Central and Eastern Europe and Central Asia,2015,395860.03571428574,7411.035714285715,1926.9285714285713,14690.5,17421.60714285714,49224.17857142857,26.071428571428573,20487.10714285714
Central and Eastern Europe and Central Asia,2016,403490.96428571426,7457.392857142857,1929.25,14739.535714285714,17477.35714285714,49966.107142857145,26.5,21016.10714285714
Central and Eastern Europe and Central Asia,2017,419984.21428571426,7528.785714285715,1925.5,14830.642857142857,17530.535714285714,51236.28571428572,27.357142857142858,21921.178571428572
Central and Eastern Europe and Central Asia,2018,434749.10714285716,7585.821428571428,1929.107142857143,14868.285714285714,17583.60714285714,52489.46428571428,28,22790.535714285714
Central and Eastern Europe and Central Asia,2019,446322.60714285716,7580.357142857143,1924.75,14829.357142857143,17637.85714285714,53775,28.785714285714285,23564.285714285714
Central and Eastern Europe and Central Asia,2020,436392.71428571426,7416.25,1822.5714285714287,13604.857142857143,17677.14285714286,52851.357142857145,29.857142857142858,22684.75
Central and Eastern Europe and Central Asia,2021,455753.53571428574,7450.785714285715,1886.25,14251.5,17690.85714285714,54937.96428571428,30.071428571428573,23698.928571428572
Latin America,1950,50145.4375,3101.25,2315.714285714286,13705,9213.4375,15645.75,8.857142857142858,5634.625
Latin America,1951,52899.625,3160.5625,2309.714285714286,13996.285714285714,9470.25,16230.5,9.285714285714286,5796
Latin America,1952,54670.9375,3221.5,2304,14299.42857142857,9733.25,16707,9.571428571428571,5894.0625
Latin America,1953,56771.375,3284.375,2298.285714285714,14611.57142857143,10004.1875,17152.625,9.714285714285714,5990.0625
Latin America,1954,60541.4375,3349,2292.5714285714284,14933.857142857143,10285.125,17778.875,10.285714285714286,6148
Latin America,1955,64975.875,3416.6875,2286.8571428571427,15270.57142857143,10576.4375,18609.6875,10.714285714285714,6376.1875
Latin America,1956,67929.4375,3486.25,2281.4285714285716,15619.57142857143,10879.125,19268.9375,11.142857142857142,6528
Latin America,1957,72919.4375,3557.75,2275.714285714286,15979.42857142857,11192.625,20371.3125,11.857142857142858,6828.0625
Latin America,1958,77142.875,3631.5,2270.4285714285716,16351.142857142857,11517.875,20905.9375,12.285714285714286,6931.75
Latin America,1959,79063.6875,3707.625,2265.1428571428573,16735.14285714286,11855,20848.625,12.285714285714286,6826.9375
Latin America,1960,84754.6875,3787.125,2259.714285714286,17137.285714285714,12203.625,21632.0625,12.571428571428571,7023.75
Latin America,1961,89093.5,3870.5625,2251.4285714285716,17479.428571428572,12556,21826.3125,12.857142857142858,7060.6875
Latin America,1962,92685.6875,3956.625,2242.8571428571427,17832.428571428572,12917.25,22261,13,7147.8125
Latin America,1963,95357.75,4045.3125,2231,18187.714285714286,13287.125,22675.4375,13.285714285714286,7231.0625
Latin America,1964,102332.5625,4137.0625,2225,18569.285714285714,13666.125,23581.8125,14,7493.3125
Latin America,1965,107768.9375,4235,2221.8571428571427,18981.714285714286,14049.9375,24127.125,14.428571428571429,7691.0625
Latin America,1966,113127.5625,4336.9375,2219.5714285714284,19420.14285714286,14439.0625,24798,14.714285714285714,7857.3125
Latin America,1967,118185.9375,4443.25,2187,19795.714285714286,14834.75,25187.3125,15.428571428571429,7969
Latin America,1968,125894.375,4552,2194.285714285714,20289.571428571428,15237,26016.1875,15.857142857142858,8193.0625
Latin America,1969,134545.0625,4664.75,2193.714285714286,20777.285714285714,15646.9375,26867.0625,16.285714285714285,8459.4375
Latin America,1970,144487.75,4791.9375,2168.285714285714,21276.14285714286,16067.4375,28048.5625,17.142857142857142,8826
Latin America,1971,153446.5625,5003.75,2177.285714285714,22211.428571428572,16492.4375,28269.1875,17.428571428571427,8983.1875
Latin America,1972,164206.75,5216.5625,2174,23106.14285714286,16916.75,28682.5625,17.428571428571427,9171.4375
Latin America,1973,178733.75,5565.375,2164.4285714285716,24712.428571428572,17345.1875,29492,17.857142857142858,9540
Latin America,1974,189698.3125,5747.6875,2156.285714285714,25365.571428571428,17777.625,29812.3125,18.142857142857142,9740.6875
Latin America,1975,196368.625,5928.75,2158,26024.14285714286,18212.25,29660.1875,17.571428571428573,9764
Latin America,1976,207756.5625,6100.1875,2155,26646.571428571428,18645.0625,30133.9375,18.142857142857142,10012.5625
Latin America,1977,217618.3125,6463.25,2145.285714285714,28250.14285714286,19084.9375,30456.8125,18,10295
Latin America,1978,226980,6663.625,2144.1428571428573,28995.85714285714,19529.5,30956.25,18,10515.0625
Latin America,1979,242108.0625,6757.0625,2142.714285714286,29146,19980.8125,31721.875,18.714285714285715,10813.625
Latin America,1980,256594.6875,6880.6875,2140.285714285714,29460.85714285714,20436.125,32157.0625,18.857142857142858,10994.75
Latin America,1981,258332.625,7114.4375,2137.714285714286,30343.428571428572,20901.4375,32057,18.428571428571427,10993.125
Latin America,1982,255953.1875,7340.4375,2123.8571428571427,31295.571428571428,21390.8125,30369.375,17.714285714285715,10396.5
Latin America,1983,249722.875,7510.75,2109,31892.285714285714,21872.125,29049.1875,17.285714285714285,9928.0625
Latin America,1984,259122.25,7786.875,2108.8571428571427,33082.57142857143,22340.5625,29056.5625,17.285714285714285,10018.375
Latin America,1985,266594.4375,8144.8125,2102.8571428571427,34655.857142857145,22803.8125,28399.4375,16.714285714285715,9859.4375
Latin America,1986,276884,8476.4375,2070.125,31702.625,23280.875,28443.5,16.25,9995.875
Latin America,1987,285656.4375,8762.9375,2104.1111111111113,29301.333333333332,23767.6875,28541.5625,15.88888888888889,10129.3125
Latin America,1988,288280.875,9009.625,2099.8888888888887,30016.88888888889,24255.3125,28303.625,15.666666666666666,10132.9375
Latin America,1989,292028.1875,9272.5,2093.3333333333335,30508.444444444445,24731.375,27980.25,15.333333333333334,10055.8125
Latin America,1990,293559.3125,9400.6875,2076.909090909091,25884.636363636364,25191,27902.1875,15,10083.125
Latin America,1991,305224.0625,9650.8125,2020.75,24279.916666666668,25645.625,28265.0625,16,10365.5
Latin America,1992,315549.125,9837.1875,2023.1666666666667,24728.166666666668,26095.75,29153.0625,16.5,10792.125
Latin America,1993,328422.5,10100.1875,2030.6666666666667,25289.583333333332,26546.375,29561.125,16.75,11018.125
Latin America,1994,344734.6875,10419.5,2032.8333333333333,26046.083333333332,26997.5,29967.75,16.916666666666668,11300.9375
Latin America,1995,347080.75,10611.25,2014.923076923077,24868.76923076923,27442.375,30289.75,16.76923076923077,11395.8125
Latin America,1996,360233.8125,10727.375,2021.3846153846155,25271.30769230769,27878.3125,30963.3125,17.23076923076923,11635.0625
Latin America,1997,379972,11006.0625,2018.6153846153845,25946.076923076922,28309.5625,31668.875,17.53846153846154,12104.1875
Latin America,1998,389530.5625,11212.8125,2027.5384615384614,26400.46153846154,28735,31801.6875,17.692307692307693,12340.6875
Latin America,1999,389270.3125,11429.75,2009.6153846153845,26663.23076923077,29152.3125,31514.625,17.53846153846154,12181.875
Latin America,2000,402983.8125,11773.5,1997.7692307692307,27367.076923076922,29562.375,31729.0625,17.923076923076923,12355.875
Latin America,2001,405075,12007.5,1983.4615384615386,27785,29964,31541.875,17.846153846153847,12339.3125
Latin America,2002,404726.125,12216.4375,1966.7692307692307,27957,30361.625,31241.5625,18,12204.875
Latin America,2003,412776.5,12482.75,1960.8461538461538,28523.46153846154,30755.75,31615.9375,18.384615384615383,12509.6875
Latin America,2004,437819.3125,12885.8125,1970,29416.53846153846,31145.6875,32379.8125,18.76923076923077,13156.75
Latin America,2005,457353.5,13163.5625,2021.0625,25948.6875,31524.25,33247,17.125,13736.375
Latin America,2006,482426.1875,13511.1875,2020.25,26597,31905,34610.1875,17.875,14576.6875
Latin America,2007,509150.4375,13819.5,2017.6875,27233.4375,32291.875,35685.0625,18.375,15268.4375
Latin America,2008,528592.125,14120.1875,2021.25,27869.1875,32686.25,36330.8125,18.75,15751.0625
Latin America,2009,517219.875,14328,1995.8125,27886.875,33078.3125,35493.5,18.5,15340.6875
Latin America,2010,549231.8125,14583.5625,1987.0625,28327.375,33477.5625,36715.375,19.3125,15991.1875
Latin America,2011,574388.375,14876.75,1988.75,28853.375,33847.875,37552.625,19.875,16520
Latin America,2012,590010.4375,15226,1964.125,29301.25,34217.3125,37368.625,19.875,16813.875
Latin America,2013,607229.3125,15411,1963.1875,29764.375,34583.1875,38166.4375,20.4375,17236.625
Latin America,2014,614489.6875,15621,1957.25,30005.375,34943.875,38180.375,20.25,17371.0625
Latin America,2015,615969.1875,15824.3125,1946.1875,30208.125,35303.625,38397.3125,20.5625,17501.25
Latin America,2016,609751.8125,15874.5625,1936.5,30085.1875,35657.1875,38013.3125,20.5,17299.375
Latin America,2017,616883.5,16109.625,1929.125,30341.25,35983.625,37715.9375,20.5,17314.875
Latin America,2018,622746.25,16399.5,1901,30602.625,36254.875,37430.5,20.5625,17366.125
Latin America,2019,621155.25,16628.0625,1884.625,30833.625,36514.625,36860.9375,20.4375,17167.1875
Latin America,2020,576692.25,15165.125,1745.25,25902.625,36826.375,37366,22.125,15781.5
Latin America,2021,600606.25,15775.25,1883,29210.1875,37164.5,37329.0625,20.5,16291.75
Middle East,1950,17025.076923076922,854.5384615384615,NA,NA,2900.6923076923076,146752.84615384616,NA,48475.307692307695
Middle East,1951,17872.23076923077,875.3846153846154,NA,NA,2986.769230769231,149138.61538461538,NA,49607.230769230766
Middle East,1952,18840.23076923077,894.1538461538462,NA,NA,3069.3846153846152,149443.15384615384,NA,49944.307692307695
Middle East,1953,20846.384615384617,910.3076923076923,NA,NA,3147.076923076923,155507.76923076922,NA,52203
Middle East,1954,22967.076923076922,926.9230769230769,NA,NA,3227.5384615384614,163907.23076923078,NA,55320.692307692305
Middle East,1955,23344.30769230769,944.3846153846154,NA,NA,3312.230769230769,159556.76923076922,NA,54081.307692307695
Middle East,1956,25150.076923076922,963.3846153846154,NA,NA,3402.3076923076924,162956.6923076923,NA,55506.61538461538
Middle East,1957,26431.615384615383,983.4615384615385,NA,NA,3497.6923076923076,159919.23076923078,NA,54706.61538461538
Middle East,1958,27861.53846153846,1004.1538461538462,NA,NA,3596.6153846153848,157652.23076923078,NA,54215.46153846154
Middle East,1959,30248.923076923078,1025.1538461538462,NA,NA,3698.6923076923076,162459.6923076923,NA,56145.153846153844
Middle East,1960,32894.53846153846,1046.923076923077,NA,NA,3805.076923076923,164004.3076923077,NA,56712.61538461538
Middle East,1961,35656.846153846156,1072.3076923076924,NA,NA,3916.230769230769,157623.3076923077,NA,54878.769230769234
Middle East,1962,38627.846153846156,1099.076923076923,NA,NA,4033.4615384615386,156589.07692307694,NA,55092.230769230766
Middle East,1963,41115.53846153846,1126.4615384615386,NA,NA,4154.538461538462,153714.61538461538,NA,54745.61538461538
Middle East,1964,44726.92307692308,1155,NA,NA,4280.461538461538,151523.84615384616,NA,54359.307692307695
Middle East,1965,48992.38461538462,1184.2307692307693,NA,NA,4410.846153846154,149218.46153846153,NA,54028.846153846156
Middle East,1966,54088.38461538462,1213.4615384615386,NA,NA,4543.384615384615,158535.92307692306,NA,59139.846153846156
Middle East,1967,58067.153846153844,1244.5384615384614,NA,NA,4686.307692307692,161280.15384615384,NA,61190.692307692305
Middle East,1968,65130,1276.076923076923,NA,NA,4831.384615384615,166016.53846153847,NA,63146.07692307692
Middle East,1969,70570.38461538461,1307.7692307692307,NA,NA,4977.076923076923,162937.3076923077,NA,61987.307692307695
Middle East,1970,78881.92307692308,1339,NA,NA,5125.615384615385,169881.15384615384,NA,63717.769230769234
Middle East,1971,89956.38461538461,1360.4615384615386,NA,NA,5287.846153846154,178856.92307692306,NA,68497.30769230769
Middle East,1972,102557.61538461539,1424.5384615384614,NA,NA,5455.923076923077,180935.38461538462,NA,70847.38461538461
Middle East,1973,116050.76923076923,1488.2307692307693,NA,NA,5630.384615384615,180585.07692307694,NA,73363.15384615384
Middle East,1974,127989.92307692308,1472.6923076923076,NA,NA,5811.846153846154,177454.92307692306,NA,70366.84615384616
Middle East,1975,127957.76923076923,1517.3846153846155,NA,NA,6005,165505.76923076922,NA,64757.46153846154
Middle East,1976,146080.15384615384,1600.923076923077,NA,NA,6208.384615384615,168425.53846153847,NA,66587.15384615384
Middle East,1977,150354.6923076923,1678.8461538461538,NA,NA,6428.461538461538,156681.3076923077,NA,62275.307692307695
Middle East,1978,147942.53846153847,1745.923076923077,NA,NA,6665.384615384615,150219.61538461538,NA,59719.692307692305
Middle East,1979,160172.3076923077,1786,NA,NA,6923.076923076923,153842,NA,61324
Middle East,1980,163490.15384615384,1801.3076923076924,NA,NA,7206,154349.23076923078,NA,61518.53846153846
Middle East,1981,160788.46153846153,1897.6153846153845,1966,2946,7494.153846153846,138646,29,55376.692307692305
Middle East,1982,148017,1945.6153846153845,1942,2951,7788.384615384615,122331.07692307692,30,47309.07692307692
Middle East,1983,141096.38461538462,2021.2307692307693,1929,3023,8090.076923076923,110488.76923076923,30,42466.846153846156
Middle East,1984,141286.84615384616,2101.769230769231,1932,3073,8401.461538461539,106224.30769230769,30,40832.846153846156
Middle East,1985,136721.6923076923,2195.6923076923076,1932,3051,8722.923076923076,98544.61538461539,31,37303
Middle East,1986,137758.15384615384,2263.3076923076924,1927,3085,9044.23076923077,88716.07692307692,32,32918.230769230766
Middle East,1987,134859.3076923077,2275.846153846154,1921,3157,9324.692307692309,86983.07692307692,34,31880.46153846154
Middle East,1988,137083.46153846153,2395,1878,3195,9609.076923076924,83023.23076923077,34,31125.46153846154
Middle East,1989,138826.6923076923,2416.3076923076924,1909,3266,9905.307692307691,82999.69230769231,34,30996
Middle East,1990,150944.53846153847,2490.4615384615386,1904,3326,10253.384615384615,82542,35,30785.076923076922
Middle East,1991,156758.46153846153,2583,1897,3516,10459.923076923076,81665.61538461539,35,31344.384615384617
Middle East,1992,170010.61538461538,2674.076923076923,1951,3768,10791.384615384615,84892.23076923077,35,32770.230769230766
Middle East,1993,171352.84615384616,2773.4615384615386,1953,4003,11013.076923076924,84820.92307692308,34,33285.46153846154
Middle East,1994,174682.76923076922,2872.3846153846152,1993,4366,11220.538461538461,84731.15384615384,33,33580.38461538462
Middle East,1995,178923.38461538462,2964.923076923077,2018,4641,11464.923076923076,84243.30769230769,35,33491.61538461538
Middle East,1996,187230.15384615384,3045.5384615384614,2036,4874,11708.615384615385,84893.53846153847,35,33435.692307692305
Middle East,1997,193761.07692307694,3146.153846153846,2040,5010,11956.307692307691,86675.46153846153,35,34830.46153846154
Middle East,1998,200686.07692307694,3241.3846153846152,2015,5077,12207.692307692309,87860.84615384616,36,34975.307692307695
Middle East,1999,202164,3339.6923076923076,2023,5264,12462.692307692309,86776.76923076923,36,34416.92307692308
Middle East,2000,213288.15384615384,3441.6923076923076,2035,5506,12724.076923076924,90556.38461538461,37,35615.230769230766
Middle East,2001,215966.84615384616,3539.6923076923076,1998,5462,12997.307692307691,89794.07692307692,38,35086.153846153844
Middle East,2002,219692.92307692306,3659.6153846153848,2016,5553,13264.538461538461,87389.61538461539,37,34740.53846153846
Middle East,2003,241497.07692307694,3845.3846153846152,1997,5565,13580.538461538461,87892.69230769231,37,35946
Middle East,2004,264545.6923076923,4042.4615384615386,1973,5583,13868.076923076924,89078.92307692308,39,37785.38461538462
Middle East,2005,277235.76923076925,4200.2307692307695,2370.846153846154,9806,14186.846153846154,86936.69230769231,35.69230769230769,37973.61538461538
Middle East,2006,292364.23076923075,4350.923076923077,2372.6923076923076,10202.76923076923,14543.846153846154,87615.07692307692,36,38898.92307692308
Middle East,2007,307719.8461538461,4517.2307692307695,2373.076923076923,10640,14948.615384615385,82922.07692307692,34.38461538461539,38405.307692307695
Middle East,2008,319466.76923076925,4616.076923076923,2371.5384615384614,10917.23076923077,15396.615384615385,81320.53846153847,33.84615384615385,37914.692307692305
Middle East,2009,324150.46153846156,4760.076923076923,2370.4615384615386,11267.307692307691,15795.76923076923,79097.84615384616,32.92307692307692,36780.92307692308
Middle East,2010,337757.76923076925,4890.307692307692,2368.153846153846,11585.153846153846,16138.846153846154,79192.30769230769,33.07692307692308,37578.53846153846
Middle East,2011,358426.07692307694,5080.461538461538,2366.923076923077,12059.461538461539,16487.615384615383,80976.23076923077,33.76923076923077,38760.230769230766
Middle East,2012,365313.6153846154,5192,2364.3076923076924,12326.153846153846,16817.69230769231,80846.38461538461,33.61538461538461,39237.07692307692
Middle East,2013,372892.6153846154,5350.153846153846,2358.153846153846,12674.153846153846,17160,79417.61538461539,33.30769230769231,39310
Middle East,2014,384250.76923076925,5457,2343.846153846154,12803.615384615385,17502,78515.92307692308,33.07692307692308,39271.07692307692
Middle East,2015,390298.1538461539,5638.076923076923,2330.230769230769,13077.846153846154,17790.615384615383,76060.61538461539,32.46153846153846,39386.846153846156
Middle East,2016,408047.3076923077,5819.307692307692,2329.076923076923,13464.384615384615,18057.53846153846,75603.30769230769,32.07692307692308,39885.307692307695
Middle East,2017,412892.76923076925,5960.2307692307695,2322.923076923077,13764.615384615385,18332.615384615383,74405.46153846153,31.692307692307693,39170.61538461538
Middle East,2018,416399.07692307694,6090.076923076923,2313.4615384615386,13918.307692307691,18635.615384615383,74136.76923076923,31.846153846153847,39045.46153846154
Middle East,2019,413303.8461538461,6235.384615384615,2313.6153846153848,14245.692307692309,18977.076923076922,73418.53846153847,31.46153846153846,38700.307692307695
Middle East,2020,394160.3846153846,6062.615384615385,2194.6153846153848,13336.153846153846,19276.30769230769,70908,32.38461538461539,36062.846153846156
Middle East,2021,404176.46153846156,6217.153846153846,2317.5384615384614,14217.307692307691,19591.923076923078,71076.53846153847,30.53846153846154,36527.692307692305
North America,1950,1255596,33820.5,2113,68067,82939.5,35408,17,14918.5
North America,1951,1354183,35015,2126.5,71737,84156.5,36711,17,15660
North America,1952,1413007.5,35427,2118.5,72416.5,85589.5,38369.5,18.5,16162
North America,1953,1479234,35902,2114,73170.5,87069.5,39771,19,16562.5
North America,1954,1470541,35278.5,2098.5,71131.5,88760,40053,19,16073.5
North America,1955,1578107.5,36246,2093.5,73258.5,90559.5,42453.5,20.5,17000
North America,1956,1619621.5,37182.5,2079.5,74608,92266.5,43142,21,17479
North America,1957,1654854,37390,2056,74015,94098.5,43840,21.5,17456
North America,1958,1646315.5,36677.5,2031,71407,95805.5,45138,22,17169
North America,1959,1756237,37498,2042,73856.5,97503.5,46693,23,17753.5
North America,1960,1802264.5,38060,2026,74261,99123,47711.5,23.5,17916
North America,1961,1849091,38092.5,2006.5,73738,100813.5,48949,24.5,18076.5
North America,1962,1964532,38693,2015.5,75589,102378.5,51245,25.5,18977
North America,1963,2051857,39263,2002,76232.5,103913,52783,26.5,19570
North America,1964,2171718,40199,1999.5,78259.5,105426,54493.5,27.5,20444.5
North America,1965,2312472.5,41221.5,2000.5,80936.5,106798.5,56122,28,21426.5
North America,1966,2465234,42493,1992,83670.5,108012,57977.5,29.5,22521.5
North America,1967,2533636.5,43453,1975.5,84620.5,109138.5,58465,29.5,22862.5
North America,1968,2658365.5,44243,1961.5,85910,110271,60733.5,31,23696
North America,1969,2746143,45329.5,1952,87969.5,111416.5,61516,31.5,24363
North America,1970,2758396,45552,1921,86476,112867,62367,32.5,24412
North America,1971,2851031.5,45781.5,1906.5,86200.5,114426.5,63950.5,33.5,24966
North America,1972,3001656,47112.5,1897,88497,115784.5,65375.5,34.5,26003.5
North America,1973,3174582.5,48725.5,1897,91464,116958.5,66713.5,35.5,27322.5
North America,1974,3169293.5,49786.5,1876.5,92145,118108.5,65358,34.5,27380
North America,1975,3168130,49303,1853,89782,119337,65807.5,35.5,27220.5
North America,1976,3340430,50775.5,1845.5,92222,120540.5,67997,37,28427.5
North America,1977,3490808.5,52464.5,1835.5,95187.5,121778,68943,37.5,29246.5
North America,1978,3677432.5,54620.5,1837.5,99398,123065.5,69578.5,38,30275
North America,1979,3795880,56223.5,1842,102453.5,124422,69468.5,38,30989.5
North America,1980,3795383.5,56634.5,1829.5,102335.5,125909,68937,37.5,30906.5
North America,1981,3895367.5,57385,1815.5,103009,127183,69583.5,38.5,31486.5
North America,1982,3825438.5,56815,1793.5,100850,128433,69287.5,38.5,30388.5
North America,1983,4000984,57518,1794,102531.5,129624,71121,39.5,31206.5
North America,1984,4295003.5,59772,1807,107453.5,130763.5,73467.5,40.5,32994
North America,1985,4487222.5,61050.5,1815.5,110127,131933,74892.5,41.5,34198
North America,1986,4648475,62471,1805.5,111546,133168.5,75108.5,42,34866.5
North America,1987,4824874,64073,1817.5,114950.5,134419.5,76054.5,42,35835.5
North America,1988,5040092,65515,1825.5,118158.5,135697,77408,42.5,37016.5
North America,1989,5231321.5,66830.5,1829.5,121236,137099,78174.5,42.5,37663.5
North America,1990,5334892,67581,1819,121646.5,138707,78359,43,37616.5
North America,1991,5332203.5,66963,1803,119892.5,140559.5,78620,44,36788.5
North America,1992,5521675,67275,1796,119670,142493.5,80628.5,44.5,37195.5
North America,1993,5688861,68174.5,1804.5,122215,144353.5,82148,45.5,37802.5
North America,1994,5936561,69715,1817,126152.5,146115.5,83945,46,39013.5
North America,1995,6113394.5,70777.5,1818.5,128649.5,147843,84938.5,47,39683.5
North America,1996,6351413,71776.5,1830,130972,149555.5,86355,47.5,40397.5
North America,1997,6656842,73398,1835,134295,151330,88356,48,41787.5
North America,1998,6983096.5,74577.5,1836,137113.5,153058.5,90514,49,43222
North America,1999,7354136,75839.5,1837,139588.5,154775,93356,50.5,45042
North America,2000,7702781.5,76951,1834,141780.5,156479,96136,52.5,46776
North America,2001,7822074.5,77019,1815.5,140326,158050.5,97201,53.5,47057.5
North America,2002,8000295,76946,1797,138857.5,159549,98799.5,55,47793.5
North America,2003,8252671.5,77387.5,1782,138445,160933,100050.5,56,48601.5
North America,2004,8592244,78344,1787,140152.5,162430,102328.5,57,49928
North America,2005,8920719,79580.5,1782.5,142132.5,163938.5,104446,58.5,51230
North America,2006,9202146.5,81044.5,1781.5,144771,165534,105640.5,59.5,52219
North America,2007,9404597.5,81883.5,1779,146107,167119,106298,60,52830.5
North America,2008,9428498.5,81915,1767.5,144661.5,168730.5,106273.5,60.5,52594
North America,2009,9213096,79225.5,1733.5,137046,170261,106420.5,61.5,50744.5
North America,2010,9479596.5,79050,1742,137260,171724.5,109159.5,63,51755
North America,2011,9663503,79816.5,1747,139311.5,173010,110489.5,63,52570.5
North America,2012,9899598,81101.5,1750,141765.5,174335,111251,64,53231
North America,2013,10107523,81876.5,1749,143467,175601.5,112405.5,64,53935
North America,2014,10386390.5,83059,1749,145935.5,176933,114251.5,65.5,54975.5
North America,2015,10705343,84174,1756,148806,178233,115370.5,66,55712.5
North America,2016,10902489,85352,1755,150648.5,179590,115782.5,66,56042.5
North America,2017,11184010.5,86654.5,1748.5,152648.5,180830.5,117044,67,57085
North America,2018,11535447.5,87771,1760.5,155610,181939.5,118862.5,67.5,58184.5
North America,2019,11803139.5,89064.5,1745.5,156909.5,182982,119367.5,68.5,58901
North America,2020,11393302.5,83942,1679.5,146704,185333,121091.5,71.5,55796
North America,2021,12091787.5,87049.5,1724.5,154177,186660.5,123467.5,71,58718.5
Oceania,1950,77622,2179,1958,6876,5087.5,35508,18,15406
Oceania,1951,81561,2231,1940,6999,5229,36346,19,15667.5
Oceania,1952,82985,2280,1922,7068,5343,35548.5,19,15373.5
Oceania,1953,84932.5,2317.5,1904,7123,5452.5,36039.5,19,15472.5
Oceania,1954,89485.5,2367,1887,7207,5578.5,37571,20,16118.5
Oceania,1955,95018,2415,1869,7294,5706.5,39366,21,16835
Oceania,1956,99071.5,2466.5,1852,7386,5839.5,40127.5,22,17128.5
Oceania,1957,102011,2502.5,1835,7413,5971,40807.5,22,17310.5
Oceania,1958,105472.5,2528,1818,7410,6098.5,41661,23,17510
Oceania,1959,111257,2561.5,1801,7432,6231.5,43330.5,24,18078
Oceania,1960,116649,2633.5,1784,7591,6366.5,44172.5,25,18488.5
Oceania,1961,117302.5,2650,1781,7599,6515.5,44265,25,18307
Oceania,1962,123278.5,2712.5,1778,7767,6642,45255,26,18759
Oceania,1963,130492.5,2783,1774,7975,6771,46605.5,27,19347
Oceania,1964,138363,2878.5,1771,8245,6905,47815.5,27,20084
Oceania,1965,145512.5,2966,1768,8480,7039.5,48876.5,28,20758.5
Oceania,1966,150505,3073.5,1765,8769,7171.5,49298,28,21313.5
Oceania,1967,159624,3168.5,1761,9027,7300,49758.5,29,21789
Oceania,1968,165661.5,3231.5,1758,9230,7430.5,49833.5,30,21761.5
Oceania,1969,176296.5,3307.5,1755,9471,7584,51913,31,22653
Oceania,1970,187534,3424.5,1809.5,6070.5,7744,53138,29.5,23483.5
Oceania,1971,194060,3507.5,1799,6168.5,7906,53310.5,30,23697.5
Oceania,1972,198622,3558,1783,6193,8053,54303.5,30.5,24014.5
Oceania,1973,208811.5,3650.5,1775.5,6315.5,8186,55872.5,31.5,24839.5
Oceania,1974,213764,3739,1787.5,6524,8328.5,56332,32,25327
Oceania,1975,218117.5,3749.5,1773.5,6498,8444.5,56778.5,32.5,25465.5
Oceania,1976,226167.5,3799,1776.5,6610,8535,57506,32.5,25827.5
Oceania,1977,228210,3828,1780,6668.5,8619.5,57253,32.5,25654.5
Oceania,1978,231511,3886,1776.5,6770,8707.5,55653.5,31.5,25502.5
Oceania,1979,239892,3932.5,1774,6859,8793.5,56675.5,32,26038.5
Oceania,1980,246190.5,4029,1768,7012.5,8893,56853.5,32.5,26390
Oceania,1981,255816,4083,1752,7045,9054,58626,33.5,26946.5
Oceania,1982,257595,4091.5,1744.5,6989,9189.5,59304.5,34.5,27039.5
Oceania,1983,257095,4027.5,1764.5,6882.5,9303,60384,34.5,26902
Oceania,1984,273109,4134,1772.5,7128,9404,62360.5,35.5,28015.5
Oceania,1985,285898.5,4267,1765,7322,9509.5,62839,35.5,28845.5
Oceania,1986,291655.5,4417,1763.5,7581.5,9620.5,62303,35.5,29092
Oceania,1987,304464,4499.5,1764.5,7720.5,9744.5,63480,36,29748.5
Oceania,1988,315219,4612.5,1759,7892,9880.5,64572.5,37,30118
Oceania,1989,328346,4758.5,1757,8160,10029.5,66015,38,30721.5
Oceania,1990,333094.5,4835.5,1745,8228.5,10185,66024,38,30699
Oceania,1991,329214.5,4724,1733,7985,10361.5,66383.5,38.5,29506.5
Oceania,1992,336835,4708,1735.5,7947,10476,67634.5,39,29717.5
Oceania,1993,350434.5,4736,1769.5,8100,10575.5,69795.5,39.5,30684.5
Oceania,1994,368476,4895,1769,8391,10685.5,71166,40.5,32061.5
Oceania,1995,379707,5082,1766.5,8709.5,10812.5,70758.5,40,32753.5
Oceania,1996,395283,5167,1760.5,8825.5,10950.5,71979,41,33596.5
Oceania,1997,412428,5205.5,1748.5,8843,11071.5,74245,43,34506.5
Oceania,1998,429549,5263.5,1743.5,8891.5,11178.5,76025.5,44,35213.5
Oceania,1999,448724,5356,1747.5,9027.5,11291,78104,45,36470.5
Oceania,2000,462996,5470.5,1752.5,9279,11409.5,79222,45.5,37409.5
Oceania,2001,474797.5,5582,1736,9373.5,11549,79390.5,46,37894.5
Oceania,2002,495083.5,5672,1728.5,9452.5,11694.5,81262,47.5,39063.5
Oceania,2003,510056,5810,1727,9680.5,11844.5,82141,48,39866.5
Oceania,2004,531346,5930,1732,9875,11978,83505,49,41068.5
Oceania,2005,547073,6103,1722,10145,12123,83415,49,41731.5
Oceania,2006,561852,6262.5,1710,10352,12284,83549,49,42317
Oceania,2007,586336,6440.5,1700.5,10622.5,12490.5,84968.5,50.5,43471
Oceania,2008,599452,6608,1693,10888,12718,84377,50.5,43381
Oceania,2009,609530,6676,1682.5,10964,12961.5,85364.5,51,43209.5
Oceania,2010,623607.5,6747.5,1684,11012,13153.5,86489,51.5,43576.5
Oceania,2011,640459.5,6889,1683,11295,13321.5,86897,52,44139
Oceania,2012,663828.5,6949.5,1680.5,11396,13529.5,89325.5,53.5,45034
Oceania,2013,678099.5,7047.5,1686,11540.5,13746,89850,53.5,45394.5
Oceania,2014,696174,7126,1688.5,11698,13954,90634.5,54,46001
Oceania,2015,714078,7222,1686.5,11859.5,14165.5,91890,55,46689.5
Oceania,2016,734968.5,7405,1688,12115,14398,92268,55,47430
Oceania,2017,754277.5,7566.5,1683.5,12374.5,14645,92314,55,48074
Oceania,2018,777295.5,7783,1689,12710.5,14877.5,93050,55.5,48985.5
Oceania,2019,793568.5,7952.5,1694,12997.5,15103,93633,55.5,49420.5
Oceania,2020,775257.5,8000,1661,12875,15317,90975.5,55,47781.5
Oceania,2021,807164,8059,1706,13322,15522.5,93573,55.5,49044
Western Europe,1950,148733.3,6766.75,2177.875,18904.9375,15267.3,24232.55,11.0625,10740
Western Europe,1951,158146.2,6838,2170.875,19069.8125,15372,24820.7,11.625,11015.1
Western Europe,1952,164962.85,6876.1,2160.125,19045.5625,15459.6,25667.85,12,11304.55
Western Europe,1953,174203.35,6939.7,2150.0625,19133.1875,15557.35,26670.9,12.5625,11694.25
Western Europe,1954,184099.5,7038.95,2145.1875,19374.0625,15654,27706.3,13,12165.35
Western Europe,1955,196161.65,7135.75,2134.75,19535.75,15755.15,28954.3,13.625,12731.2
Western Europe,1956,205768.55,7221.4,2120.875,19601.1875,15863.85,30073.8,14.25,13215.2
Western Europe,1957,215173.85,7281.85,2109.4375,19613.5,15976.5,31133.8,14.75,13629.6
Western Europe,1958,221367.35,7297.8,2096.375,19508.5,16094.1,31633.7,15.125,13732.8
Western Europe,1959,232320.4,7287.6,2087.875,19420.375,16220.45,32954.55,15.9375,14227.7
Western Europe,1960,247580.55,7353.5,2080.3125,19520.8125,16347.5,34330.45,16.625,14900.6
Western Europe,1961,260778.7,7422.8,2069.875,19507.6875,16487,35675.35,17.5,15541
Western Europe,1962,273967.3,7449.05,2057.875,19351.25,16649.3,37018.5,18.125,16078.15
Western Europe,1963,287291.1,7451.95,2049.3125,19205.5625,16795.75,38625.1,19,16667.05
Western Europe,1964,304882.35,7491.1,2051.1176470588234,18158.882352941175,16939.85,40498.35,20.058823529411764,17556.8
Western Europe,1965,317573.1,7500.15,2038.0588235294117,18008.941176470587,17079.25,42248.7,21.11764705882353,18205.15
Western Europe,1966,329401.15,7502.45,2029.2941176470588,17870.70588235294,17207.9,43711.8,21.88235294117647,18720.1
Western Europe,1967,341307.15,7449,2016.2941176470588,17615.058823529413,17317.9,45624.6,23.058823529411764,19265.35
Western Europe,1968,360408.8,7443.75,1997.4705882352941,17466.941176470587,17418.65,47649.1,24.235294117647058,19987.5
Western Europe,1969,381544.3,7512.9,1981.4705882352941,17452.941176470587,17535,50031.65,25.470588235294116,21112.55
Western Europe,1970,398631.75,7572.8,1955.0555555555557,16451.777777777777,17650,51828.15,28.22222222222222,22000.8
Western Europe,1971,413086.3,7592.35,1934.611111111111,16277.222222222223,17773.65,53614.55,29.38888888888889,22798.55
Western Europe,1972,431859.55,7619.95,1916.3333333333333,16195,17881.2,56089.45,31.11111111111111,23843.65
Western Europe,1973,456168.95,7717.1,1899.7222222222222,16268.388888888889,17980.6,58419.05,32.666666666666664,24973.3
Western Europe,1974,465591.4,7760.15,1884.2777777777778,16177.5,18062.95,58909.1,33.55555555555556,25393.3
Western Europe,1975,462419.2,7698.45,1860.3333333333333,15828.777777777777,18127.05,58585.4,33.833333333333336,25036.8
Western Europe,1976,483167.85,7706.4,1858,15888.777777777777,18177.65,61067.1,35.166666666666664,26008.7
Western Europe,1977,497165.95,7727.5,1838.6666666666667,15781.666666666666,18232.65,62797.45,36.5,26785.5
Western Europe,1978,513174.05,7750.95,1817.111111111111,15667.944444444445,18288,64542.15,37.888888888888886,27539.85
Western Europe,1979,533008.25,7822.4,1805,15715.055555555555,18345.55,66293.5,39.111111111111114,28511.05
Western Europe,1980,541619.35,7872.1,1791.111111111111,15687.722222222223,18413.7,67243.1,39.888888888888886,29110.35
Western Europe,1981,543451.4,7835.3,1771.7777777777778,15439.722222222223,18473.35,67553.85,40.44444444444444,29227.1
Western Europe,1982,547843.05,7788.75,1762.6666666666667,15218.611111111111,18509.75,68567.05,41.22222222222222,29457.85
Western Europe,1983,558211.1,7768.1,1754.9444444444443,15094.444444444445,18537.75,69745.2,42.05555555555556,29877.55
Western Europe,1984,571487.8,7786.45,1747.3333333333333,15051.388888888889,18567.5,71690.25,43.5,30761.75
Western Europe,1985,586432.1,7839.55,1741,15036.388888888889,18600.7,72961,44.27777777777778,31610.75
Western Europe,1986,601917.6,7915.15,1736.5555555555557,15117.833333333334,18643.2,74337.5,45.333333333333336,32574.15
Western Europe,1987,619368.3,8018.1,1730.6666666666667,15279.833333333334,18688.05,75205.75,46.166666666666664,33411.7
Western Europe,1988,645062.75,8144.45,1731.611111111111,15534.444444444445,18749.05,77394.4,47.333333333333336,34627.8
Western Europe,1989,668086.2,8273.9,1727.6666666666667,15691.277777777777,18843,79672.9,48.77777777777778,35906.45
Western Europe,1990,676415.15,8361,1719.9444444444443,15753.111111111111,18939.15,80583.3,49.5,36582
Western Europe,1991,689505.85,8326.6,1705.3333333333333,15543.111111111111,19029.45,81814.9,50.5,37040.45
Western Europe,1992,698119.15,8233.75,1700.5,15373.166666666666,19122.75,83303.2,51.388888888888886,37259.9
Western Europe,1993,696628.95,8111.05,1695.0555555555557,15052.888888888889,19204.9,84562.05,52.55555555555556,37237.95
Western Europe,1994,715484.75,8113.25,1723.842105263158,14288.263157894737,19269.55,86959.55,52.421052631578945,38232.2
Western Europe,1995,733989.6,8182.25,1732.9,13696.95,19326.45,88424.5,52.5,39179.85
Western Europe,1996,747276.3,8236,1732.65,13770.25,19378.35,89783.55,53.2,39983.95
Western Europe,1997,769829.6,8325.4,1733.85,13893.85,19426.65,92189.45,54.6,41447.9
Western Europe,1998,793803.9,8474.45,1734.8,14146.7,19471.2,93793.3,55.55,42962.55
Western Europe,1999,817559.85,8637.7,1733.3,14379.05,19524.9,95590,56.6,44516.2
Western Europe,2000,848852.2,8824.6,1730.2,14558.9,19590.8,98159.3,58.2,46402.3
Western Europe,2001,867624.6,8931.65,1716.75,14665.35,19665.4,98566.25,58.8,47165.95
Western Europe,2002,877084.25,8995,1707.05,14656.9,19768.2,99576.8,59.8,47709.95
Western Europe,2003,886223.85,9030.8,1698.85,14676.2,19878.95,100662,60.7,48087.7
Western Europe,2004,906969.7,9100.45,1696.2,14826.6,19990.05,103133.9,62.25,49368.25
Western Europe,2005,924111,9191.35,1694.45,14944.8,20112.15,104308.1,63.1,50334.55
Western Europe,2006,953136.9,9342.4,1690.6,15186.05,20218.9,105773.75,64.15,51795.5
Western Europe,2007,979925.85,9507.05,1690.4,15474.75,20345.4,107282.6,65.05,53442.3
Western Europe,2008,983001.15,9593.8,1687.85,15581.55,20469.5,106027.25,64.4,53108.15
Western Europe,2009,940926.1,9435.45,1664.75,15104.05,20559.7,103672.1,63.75,50543.95
Western Europe,2010,961458.95,9406.75,1657.45,15087.5,20639.65,106189.05,65.55,51268.45
Western Europe,2011,976308.95,9436.6,1656.95,15133.5,20728.4,106610.3,65.8,51483.5
Western Europe,2012,971341.75,9430.9,1647.55,15007.6,20808.1,106038.75,65.75,50966.05
Western Europe,2013,973285.95,9417.95,1641.05,14919.05,20879.85,106465.85,66.4,51019
Western Europe,2014,989469.1,9515.9,1636.1,15073.85,20958,107381.1,67.15,51789.95
Western Europe,2015,1007854.4,9617.1,1635.8,15235.2,21051.25,108834.5,67.95,52820.2
Western Europe,2016,1026605.25,9752.75,1644,15472.05,21150.3,109372.65,68.05,53697.4
Western Europe,2017,1051132.8,9897.55,1633.3,15641.65,21224.35,110301.2,69.1,54846.3
Western Europe,2018,1068961.45,10043.3,1633.95,15876.4,21298.55,110621.4,69.35,55751.95
Western Europe,2019,1082587.1,10161.1,1630.9,16027.6,21376.25,110979.6,69.75,56369.25
Western Europe,2020,1004998.45,10020.65,1539.7,14761.3,21428.95,105713.7,69.95,52996.85
Western Europe,2021,1048908.8,9995,1596.4,15430.45,21470,109991.6,70.3,54964.9
